ID;Name;Tag;total_pop;aristocrats_pc;aristocrats_bd;capitalists_pc;capitalists_bd;bureaucrats_pc;bureaucrats_bd;officers_pc;officers_bd;soldiers_pc;soldiers_bd;clergymen_pc;clergymen_bd;artisans_pc;artisans_bd;clerks_pc;clerks_bd;craftsmen_pc;craftsmen_bd;slaves_pc;slaves_bd;farmers_labourers_bd;farmers_labourers_pc;comment
2;Emperor's Pride I;XEN;12500;1.5;100 xenon;0.5;100 xenon;1;100 xenon;0.2;100 xenon;4;100 xenon;0.5;100 xenon;5;100 xenon;;;;;17;5 split 95 paranid;rest;100 xenon;
3;Emperor's Pride II;XEN;2250;1;100 xenon;;;1;100 xenon;0.2;100 xenon;4;100 xenon;0.5;100 xenon;6;100 xenon;;;;;16;10 split 90 paranid;rest;100 xenon;
4;Emperor's Pride III;XEN;2350;1;100 xenon;;;1;100 xenon;0.2;100 xenon;4;100 xenon;0.5;100 xenon;5;100 xenon;;;;;15;10 split 90 paranid;rest;100 xenon;
5;Emperor's Pride IV;XEN;1950;0.5;100 xenon;;;0.5;100 xenon;0.2;100 xenon;4;100 xenon;0.5;100 xenon;6;100 xenon;;;;;14;10 split 90 paranid;rest;100 xenon;
6;Emperor's Pride V;XEN;1975;1;100 xenon;;;0.5;100 xenon;0.2;100 xenon;4;100 xenon;0.5;100 xenon;7;100 xenon;;;;;13;10 split 90 paranid;rest;100 xenon;
7;Emperor's Pride VI;XEN;1050;1;100 xenon;;;0.5;100 xenon;0.2;100 xenon;4;100 xenon;0.5;100 xenon;6;100 xenon;;;;;12;5 split 95 paranid;rest;100 xenon;
8;Litany of Fury I;GOD;8500;1.5;100 paranid;0.5;100 paranid;1;100 paranid;0.2;100 paranid;3;100 paranid;0.2;100 paranid;5;100 paranid;;;;;;;rest;100 paranid;
9;Litany of Fury II;GOD;1500;0.5;100 paranid;;;1;100 paranid;0.2;100 paranid;3;100 paranid;0.1;100 paranid;5;100 paranid;;;;;;;rest;100 paranid;
10;Litany of Fury III;GOD;1000;0.5;100 paranid;;;1;100 paranid;0.2;100 paranid;3;100 paranid;0.1;100 paranid;5;100 paranid;;;;;;;rest;100 paranid;
11;Litany of Fury IV;GOD;1250;0.5;100 paranid;;;0.5;100 paranid;0.2;100 paranid;3;100 paranid;0.1;100 paranid;6;100 paranid;;;;;;;rest;100 paranid;
12;Litany of Fury V;GOD;1300;0.5;100 paranid;;;0.5;100 paranid;0.2;100 paranid;3;100 paranid;0.1;100 paranid;6;100 paranid;;;;;;;rest;100 paranid;
13;Litany of Fury VI;GOD;1400;0.5;100 paranid;;;0.5;100 paranid;0.2;100 paranid;3;100 paranid;0.1;100 paranid;6;100 paranid;;;;;;;rest;100 paranid;
14;Litany of Fury VII;GOD;2200;0.5;100 paranid;;;0.5;100 paranid;0.2;100 paranid;2;100 paranid;0.1;100 paranid;5;100 paranid;;;;;;;rest;100 paranid;
15;Litany of Fury VIII;GOD;1150;0.5;100 paranid;;;0.5;100 paranid;0.2;100 paranid;2;100 paranid;0.1;100 paranid;7;100 paranid;;;;;;;rest;100 paranid;
16;Wretched Skies I;GOD;3250;0.5;100 paranid;;;0.5;100 paranid;0.2;100 paranid;4;100 paranid;0.1;100 paranid;5;100 paranid;;;;;;;rest;100 paranid;
17;Wretched Skies II;ZYA;4400;0.5;100 split;;;0.5;100 split;0.3;100 split;3;100 split;0.1;100 split;5;100 split;;;;;;;rest;100 split;
18;Wretched Skies III;ZYA;3500;0.5;100 split;;;0.75;100 split;0.3;100 split;3;100 split;0.1;100 split;6;100 split;;;;;;;rest;100 split;
19;Wretched Skies IV;ZYA;3750;0.5;100 split;;;0.25;100 split;0.2;100 split;3;100 split;0.1;100 split;5;100 split;;;;;;;rest;100 split;
20;Wretched Skies V;ZYA;3950;0.5;100 split;;;0.25;100 split;0.2;100 split;3;100 split;0.1;100 split;5;100 split;;;;;;;rest;100 split;
21;Wretched Skies VI;ZYA;4125;0.5;100 split;;;0.25;100 split;0.2;100 split;3;100 split;0.1;100 split;6;100 split;;;;;;;rest;100 split;
22;Family Zhin I;ZYA;11500;1.5;100 split;0.5;;0.3;100 split;0.4;100 split;4;100 split;0.2;100 split;7;100 split;;;;;;;rest;100 split;
23;Family Zhin II;ZYA;9500;1;100 split;;;0.25;100 split;0.3;100 split;3;100 split;0.2;100 split;5;100 split;;;;;;;rest;100 split;
24;Family Zhin III;ZYA;9550;1;100 split;;;0.3;100 split;0.2;100 split;3;100 split;0.2;100 split;7;100 split;;;;;;;rest;100 split;
25;Family Zhin IV;ZYA;10500;1;100 split;;;0.5;100 split;0.2;100 split;3;100 split;0.2;100 split;5;100 split;;;;;;;rest;100 split;
26;Family Zhin V;ZYA;10000;1;100 split;;;0.5;100 split;0.2;100 split;3;100 split;0.2;100 split;6;100 split;;;;;;;rest;100 split;
27;Family Zhin VI;ZYA;9750;0.5;100 split;;;0.25;100 split;0.2;100 split;3;100 split;0.2;100 split;5;100 split;;;;;;;rest;100 split;
28;Heretic's End I;;250;2;100 split;;;;;;;4;100 split;0.2;100 split;6;100 split;;;;;15;50 boron 50 argon;rest;100 split;
29;Heretic's End II;NKK;12350;1.5;100 khaak;;;0.1;100 khaak;0.3;100 khaak;5;100 khaak;0.4;100 khaak;10;100 khaak;;;;;10;70 split 30 argon;rest;100 khaak;
30;Heretic's End III;;575;2;100 split;;;;;;;4;100 split;;;;;;;;;30;60 boron 40 split;rest;100 split;
31;Heretic's End IV;;675;2;100 split;;;;;;;4;100 split;;;;;;;;;25;60 split 40 argon;rest;100 split;
32;Heretic's End V;;325;2;100 split;;;;;;;4;100 split;;;;;;;;;20;50 split 50 argon;rest;100 split;
33;Matrix 79B I;XEN;3250;;;;;;;;;;;;;;;;;;;;;rest;100 xenon;
34;Matrix 79B II;XEN;4550;;;;;;;;;;;;;;;;;;;;;rest;100 xenon;
35;Matrix 79B III;XEN;3725;;;;;;;;;;;;;;;;;;;;;rest;100 xenon;
36;Family Kritt I;ZYA;3555;;;;;;;;;;;;;;;;;;;;;rest;100 split;
37;Family Kritt II;ZYA;3255;;;;;;;;;;;;;;;;;;;;;rest;100 split;
38;Family Kritt III;ZYA;1955;;;;;;;;;;;;;;;;;;;;;rest;100 split;
39;Family Kritt IV;ZYA;2950;;;;;;;;;;;;;;;;;;;;;rest;100 split;
40;Family Kritt V;ZYA;2955;;;;;;;;;;;;;;;;;;;;;rest;100 split;
41;Family Kritt VI;ZYA;3100;;;;;;;;;;;;;;;;;;;;;rest;100 split;
42;Rhy's Defiance I;XEN;10300;;;;;;;;;;;;;;;;;;;10;100 split;rest;100 xenon;
43;Rhy's Defiance II;XEN;11000;;;;;;;;;;;;;;;;;;;15;100 split;rest;100 xenon;
44;Rhy's Defiance III;XEN;8700;;;;;;;;;;;;;;;;;;;12;100 split;rest;100 xenon;
45;Rhy's Defiance IV;XEN;6000;;;;;;;;;;;;;;;;;;;13;100 split;rest;100 xenon;
46;Rhy's Defiance V;XEN;6500;;;;;;;;;;;;;;;;;;;14;100 split;rest;100 xenon;
47;Rhy's Defiance VI;XEN;7600;;;;;;;;;;;;;;;;;;;11;100 split;rest;100 xenon;
48;Matrix 598 I;XEN;9500;;;;;;;;;;;;;;;;;;;;;rest;100 xenon;
49;Matrix 598 II;XEN;8200;;;;;;;;;;;;;;;;;;;;;rest;100 xenon;
50;Matrix 598 III;XEN;11250;;;;;;;;;;;;;;;;;;;;;rest;100 xenon;
51;Matrix 598 IV;XEN;14500;;;;;;;;;;;;;;;;;;;;;rest;100 xenon;
52;Zyarth's Dominion I;ZYA;21500;;;;;;;;;;;;;;;;;;;;;rest;100 split;
53;Zyarth's Dominion II;ZYA;15000;;;;;;;;;;;;;;;;;;;;;rest;100 split;
54;Zyarth's Dominion III;ZYA;15500;;;;;;;;;;;;;;;;;;;;;rest;100 split;
55;Zyarth's Dominion IV;ZYA;17250;;;;;;;;;;;;;;;;;;;;;rest;100 split;
56;Zyarth's Dominion V;ZYA;16500;;;;;;;;;;;;;;;;;;;;;rest;100 split;
57;Zyarth's Dominion VI;ZYA;13205;;;;;;;;;;;;;;;;;;;;;rest;100 split;
58;Zyarth's Dominion VII;ZYA;12250;;;;;;;;;;;;;;;;;;;;;rest;100 split;
59;Zyarth's Dominion VIII;ZYA;11500;;;;;;;;;;;;;;;;;;;;;rest;100 split;
60;Zyarth's Dominion IX;ZYA;9500;;;;;;;;;;;;;;;;;;;;;rest;100 split;
61;Family Nhuut I;ZYA;18500;;;;;;;;;;;;;;;;;;;;;rest;100 split;
62;Family Nhuut II;ZYA;13500;;;;;;;;;;;;;;;;;;;;;rest;100 split;
63;Family Nhuut III;ZYA;14000;;;;;;;;;;;;;;;;;;;;;rest;100 split;
64;Family Nhuut IV;ZYA;14250;;;;;;;;;;;;;;;;;;;;;rest;100 split;
65;Family Nhuut V;ZYA;17250;;;;;;;;;;;;;;;;;;;;;rest;100 split;
66;Family Nhuut VI;ZYA;16050;;;;;;;;;;;;;;;;;;;;;rest;100 split;
67;Watchful Gaze I;;1000;;;;;;;;;;;;;;;;;;;;;rest;50 split 50 boron;
68;Watchful Gaze II;;1050;;;;;;;;;;;;;;;;;;;;;rest;50 split 50 boron;
69;Watchful Gaze III;;900;;;;;;;;;;;;;;;;;;;;;rest;50 split 50 boron;
70;Watchful Gaze IV;;850;;;;;;;;;;;;;;;;;;;;;rest;50 split 50 boron;
71;Barren Shores I;BOR;5000;;;;;;;;;;;;;;;;;;;;;rest;100 boron;
72;Barren Shores II;BOR;3750;;;;;;;;;;;;;;;;;;;;;rest;100 boron;
73;Barren Shores III;BOR;1240;;;;;;;;;;;;;;;;;;;;;rest;100 boron;
74;Barren Shores IV;BOR;1100;;;;;;;;;;;;;;;;;;;;;rest;100 boron;
75;Barren Shores V;BOR;1050;;;;;;;;;;;;;;;;;;;;;rest;100 boron;
76;Great Reef I;BOR;1550;;;;;;;;;;;;;;;;;;;;;rest;100 boron;
77;Great Reef II;BOR;1250;;;;;;;;;;;;;;;;;;;;;rest;100 boron;
78;Great Reef III;BOR;950;;;;;;;;;;;;;;;;;;;;;rest;100 boron;
79;Great Reef IV;BOR;1025;;;;;;;;;;;;;;;;;;;;;rest;100 boron;
80;Great Reef V;BOR;850;;;;;;;;;;;;;;;;;;;;;rest;100 boron;
81;Great Reef VI;BOR;1125;;;;;;;;;;;;;;;;;;;;;rest;100 boron;
82;Sanctuary of Darkness I;;750;;;;;;;;;;;;;;;;;;;;;rest;100 boron;
83;Sanctuary of Darkness II;WKK;12500;;;;;;;;;;;;;;;;;;;20;100 boron;rest;100 khaak;
84;Sanctuary of Darkness III;;950;;;;;;;;;;;;;;;;;;;;;rest;100 boron;
85;Kingdom End I;BOR;85500;;;;;;;;;;;;;;;;;;;;;rest;100 boron;
86;Kingdom End II;BOR;23500;;;;;;;;;;;;;;;;;;;;;rest;100 boron;
87;Kingdom End III;BOR;11500;;;;;;;;;;;;;;;;;;;;;rest;100 boron;
88;Kingdom End IV;BOR;15450;;;;;;;;;;;;;;;;;;;;;rest;100 boron;
89;Kingdom End V;BOR;18500;;;;;;;;;;;;;;;;;;;;;rest;100 boron;
90;Kingdom End VI;BOR;17500;;;;;;;;;;;;;;;;;;;;;rest;100 boron;
91;Kingdom End VII;BOR;19500;;;;;;;;;;;;;;;;;;;;;rest;100 boron;
92;Kingdom End VIII;BOR;20200;;;;;;;;;;;;;;;;;;;;;rest;100 boron;
93;Kingdom End IX;BOR;22500;;;;;;;;;;;;;;;;;;;;;rest;100 boron;
94;Kingdom End X;BOR;18500;;;;;;;;;;;;;;;;;;;;;rest;100 boron;
95;Rolk's Demise I;BOR;1250;;;;;;;;;;;;;;;;;;;;;rest;100 boron;
96;Rolk's Demise II;BOR;1150;;;;;;;;;;;;;;;;;;;;;rest;100 boron;
97;Rolk's Demise III;BOR;1050;;;;;;;;;;;;;;;;;;;;;rest;100 boron;
98;Rolk's Demise IV;BOR;1275;;;;;;;;;;;;;;;;;;;;;rest;100 boron;
99;Rolk's Demise V;BOR;1375;;;;;;;;;;;;;;;;;;;;;rest;100 boron;
100;Rolk's Demise VI;BOR;1475;;;;;;;;;;;;;;;;;;;;;rest;100 boron;
101;Atreus' Clouds I;BOR;75500;2;75 boron 10 argon 10 teladi 3 split 2 paranid;;;;;0.3;100 boron;;;;;;;;;;;;;rest;80 boron 10 argon 9 teladi 1 split;
102;Atreus' Clouds II;BOR;49500;2;85 boron 10 argon 5 teladi;;;;;0.4;100 boron;;;;;;;;;;;;;rest;80 boron 10 argon 9 teladi 1 paranid;
103;Atreus' Clouds III;BOR;48750;2;85 boron 5 argon 10 teladi;;;;;0.2;100 boron;;;;;;;;;;;;;rest;80 boron 5 argon 5 teladi 5 split 5 paranid;
104;Atreus' Clouds IV;BOR;56500;2;90 boron 5 argon 5 teladi;;;;;0.3;100 boron;;;;;;;;;;;;;rest;80 boron 5 argon 10 teladi 5 split;
105;Atreus' Clouds V;BOR;45650;2;95 boron 5 teladi;;;;;0.4;100 boron;;;;;;;;;;;;;rest;85 boron 5 argon 5 teladi 5 split;
106;Atreus' Clouds VI;BOR;52250;1.5;95 boron 5 argon;;;;;0.5;100 boron;;;;;;;;;;;;;rest;85 boron 5 argon 5 teladi 5 paranid;
107;Menelaus' Oasis I;BOR;45500;;;;;;;;;;;;;;;;;;;;;rest;100 boron;
108;Menelaus' Oasis II;BOR;39650;;;;;;;;;;;;;;;;;;;;;rest;100 boron;
109;Menelaus' Oasis III;BOR;40400;;;;;;;;;;;;;;;;;;;;;rest;100 boron;
110;Menelaus' Oasis IV;BOR;43400;;;;;;;;;;;;;;;;;;;;;rest;100 boron;
111;Menelaus' Oasis V;BOR;47550;;;;;;;;;;;;;;;;;;;;;rest;100 boron;
112;Menelaus' Oasis VI;BOR;41550;;;;;;;;;;;;;;;;;;;;;rest;100 boron;
113;Adventure's Promise I;;950;;;;;;;;;;;;;;;;;;;;;rest;50 boron 25 paranid 25 argon;
114;Adventure's Promise II;;975;;;;;;;;;;;;;;;;;;;;;rest;35 boron 25 paranid 25 argon 15 terran;
115;Adventure's Promise III;;875;;;;;;;;;;;;;;;;;;;;;rest;45 boron 25 paranid 25 argon 5 terran;
116;Ocean of Fantasy I;BOR;6500;;;;;;;;;;;;;;;;;;;;;rest;100 boron;
117;Ocean of Fantasy II;BOR;6250;;;;;;;;;;;;;;;;;;;;;rest;100 boron;
118;Ocean of Fantasy III;BOR;5950;;;;;;;;;;;;;;;;;;;;;rest;100 boron;
119;Ocean of Fantasy IV;BOR;6000;;;;;;;;;;;;;;;;;;;;;rest;100 boron;
120;Getsu Fune I;;250;;;;;;;;;;;;;;;;;;;;;rest;5 boron 15 paranid 20 teladi 60 argon;
121;Getsu Fune II;;300;;;;;;;;;;;;;;;;;;;;;rest;20 boron 20 teladi 20 paranid 40 argon;
122;Getsu Fune III;;325;;;;;;;;;;;;;;;;;;;;;rest;15 boron 15 paranid 40 argon 30 terran;
123;Getsu Fune IV;;275;;;;;;;;;;;;;;;;;;;;;rest;15 boron 15 teladi 30 argon 10 split 30 paranid;
124;Getsu Fune V;;245;;;;;;;;;;;;;;;;;;;;;rest;35 boron 35 argon 30 paranid;
125;Getsu Fune VI;;315;;;;;;;;;;;;;;;;;;;;;rest;30 boron 50 argon 20 teladi;
126;Savage Spur I;YAK;3200;;;;;;;;;;;;;;;;;;;;;rest;100 argon;
127;Savage Spur II;XEN;3500;;;;;;;;;;;;;;;;;;;;;rest;100 xenon;
128;Savage Spur III;YAK;1850;;;;;;;;;;;;;;;;;;;;;rest;100 argon;
129;Savage Spur IV;YAK;1500;;;;;;;;;;;;;;;;;;;;;rest;100 argon;
130;Outer Sol I;TER;100000;;;;;;;;;;;;;;;;;;;;;rest;100 terran;
131;Outer Sol II;TER;120500;;;;;;;;;;;;;;;;;;;;;rest;100 terran;
132;Outer Sol III;TER;110200;;;;;;;;;;;;;;;;;;;;;rest;100 terran;
133;Outer Sol IV;TER;114000;;;;;;;;;;;;;;;;;;;;;rest;100 terran;
134;Outer Sol V;TER;115500;;;;;;;;;;;;;;;;;;;;;rest;100 terran;
135;Outer Sol VI;TER;95000;;;;;;;;;;;;;;;;;;;;;rest;100 terran;
136;Outer Sol VII;TER;96000;;;;;;;;;;;;;;;;;;;;;rest;100 terran;
137;Outer Sol VIII;TER;132000;;;;;;;;;;;;;;;;;;;;;rest;100 terran;
138;Outer Sol IX;TER;101500;;;;;;;;;;;;;;;;;;;;;rest;100 terran;
139;Outer Sol X;TER;86750;;;;;;;;;;;;;;;;;;;;;rest;100 terran;
140;Outer Sol XI;TER;75500;;;;;;;;;;;;;;;;;;;;;rest;100 terran;
141;Inner Sol I;TER;135000;;;;;;;;;;;;;;;;;;;;;rest;100 terran;
142;Inner Sol II;TER;132500;;;;;;;;;;;;;;;;;;;;;rest;100 terran;
143;Inner Sol III;TER;95500;;;;;;;;;;;;;;;;;;;;;rest;100 terran;
144;Inner Sol IV;TER;92500;;;;;;;;;;;;;;;;;;;;;rest;100 terran;
145;Inner Sol V;TER;96500;;;;;;;;;;;;;;;;;;;;;rest;100 terran;
146;Inner Sol VI;TER;114750;;;;;;;;;;;;;;;;;;;;;rest;100 terran;
147;Inner Sol VII;TER;150500;;;;;;;;;;;;;;;;;;;;;rest;100 terran;
148;Inner Sol VIII;TER;75750;;;;;;;;;;;;;;;;;;;;;rest;100 terran;
149;Inner Sol IX;TER;80500;;;;;;;;;;;;;;;;;;;;;rest;100 terran;
150;Inner Sol X;TER;94750;;;;;;;;;;;;;;;;;;;;;rest;100 terran;
151;Inner Sol XI;TER;95750;;;;;;;;;;;;;;;;;;;;;rest;100 terran;
152;Inner Sol XII;TER;91000;;;;;;;;;;;;;;;;;;;;;rest;100 terran;
153;Brennan's Triumph I;PIO;10500;;;;;;;;;;;;;;;;;;;;;rest;100 terran;
154;Brennan's Triumph II;PIO;12050;;;;;;;;;;;;;;;;;;;;;rest;100 terran;
155;Brennan's Triumph III;PIO;15500;;;;;;;;;;;;;;;;;;;;;rest;100 terran;
156;Brennan's Triumph IV;PIO;8900;;;;;;;;;;;;;;;;;;;;;rest;100 terran;
157;Brennan's Triumph V;PIO;9200;;;;;;;;;;;;;;;;;;;;;rest;100 terran;
158;Brennan's Triumph VI;PIO;9500;;;;;;;;;;;;;;;;;;;;;rest;100 terran;
159;Circle of Deceit I;;250;;;;;;;;;;;;;;;;;;;;;rest;80 terran 20 paranid;
160;Circle of Deceit II;;200;;;;;;;;;;;;;;;;;;;;;rest;85 terran 15 paranid;
161;Circle of Deceit III;;150;;;;;;;;;;;;;;;;;;;;;rest;90 terran 10 paranid;
162;Circle of Deceit IV;;350;;;;;;;;;;;;;;;;;;;;;rest;95 terran 5 paranid;
163;Sanctum Verge I;;500;;;;;;;;;;;;;;;;;;;;;rest;80 paranid 20 argon;
164;Sanctum Verge II;;750;;;;;;;;;;;;;;;;;;;;;rest;85 paranid 15 teladi;
165;Sanctum Verge III;;800;;;;;;;;;;;;;;;;;;;;;rest;80 paranid 10 argon 10 teladi;
166;Sanctum Verge IV;;650;;;;;;;;;;;;;;;;;;;;;rest;90 paranid 5 argon 5 teladi;
167;Sanctum Verge V;;700;;;;;;;;;;;;;;;;;;;;;rest;90 paranid 10 teladi;
168;Tempting Fumes I;;150;;;;;;;;;;;;;;;;;;;;;rest;95 paranid 10 argon 5 teladi;
169;Tempting Fumes II;;200;;;;;;;;;;;;;;;;;;;;;rest;80 paranid 20 argon;
170;Tempting Fumes III;;250;;;;;;;;;;;;;;;;;;;;;rest;85 paranid 15 teladi;
171;Tempting Fumes IV;;100;;;;;;;;;;;;;;;;;;;;;rest;80 paranid 10 argon 10 teladi;
172;Tempting Fumes V;;300;;;;;;;;;;;;;;;;;;;;;rest;90 paranid 5 argon 5 teladi;
173;Tempting Fumes VI;;350;;;;;;;;;;;;;;;;;;;;;rest;90 paranid 10 teladi;
174;Cardinal's Domain I;GOD;75000;;;;;;;;;;;;;;;;;;;;;rest;100 paranid;
175;Cardinal's Domain II;GOD;76750;;;;;;;;;;;;;;;;;;;;;rest;100 paranid;
176;Cardinal's Domain III;GOD;81250;;;;;;;;;;;;;;;;;;;;;rest;100 paranid;
177;Cardinal's Domain IV;GOD;78750;;;;;;;;;;;;;;;;;;;;;rest;100 paranid;
178;Cardinal's Domain V;GOD;65000;;;;;;;;;;;;;;;;;;;;;rest;100 paranid;
179;Cardinal's Domain VI;GOD;62500;;;;;;;;;;;;;;;;;;;;;rest;100 paranid;
180;Sacred Relic I;ALI;82250;;;;;;;;;;;;;;;;;;;;;rest;100 paranid;
181;Sacred Relic II;ALI;42500;;;;;;;;;;;;;;;;;;;;;rest;100 paranid;
182;Sacred Relic III;ALI;39500;;;;;;;;;;;;;;;;;;;;;rest;100 paranid;
183;Sacred Relic IV;ALI;38750;;;;;;;;;;;;;;;;;;;;;rest;100 paranid;
184;Sacred Relic V;ALI;32500;;;;;;;;;;;;;;;;;;;;;rest;100 paranid;
185;Freedom's Reach I;;1500;;;;;;;;;;;;;;;;;;;;;rest;65 paranid 35 teladi;
186;Freedom's Reach II;;1250;;;;;;;;;;;;;;;;;;;;;rest;95 paranid 5 teladi;
187;Freedom's Reach III;;750;;;;;;;;;;;;;;;;;;;;;rest;90 paranid 10 teladi;
188;Freedom's Reach IV;;950;;;;;;;;;;;;;;;;;;;;;rest;90 paranid 5 teladi 5 argon;
189;Lasting Vengeance I;HOP;54500;;;;;;;;;;;;;;;;;;;;;rest;100 paranid;
190;Lasting Vengeance II;HOP;49500;;;;;;;;;;;;;;;;;;;;;rest;100 paranid;
191;Lasting Vengeance III;HOP;48750;;;;;;;;;;;;;;;;;;;;;rest;100 paranid;
192;Lasting Vengeance IV;HOP;35500;;;;;;;;;;;;;;;;;;;;;rest;100 paranid;
193;Lasting Vengeance V;SKK;24500;;;;;;;;;;;;;;;;;;;25;100 paranid;rest;100 khaak;
194;Cardinal's Redress I;HOP;16500;;;;;;;;;;;;;;;;;;;;;rest;100 paranid;
195;Cardinal's Redress II;HOP;15750;;;;;;;;;;;;;;;;;;;;;rest;100 paranid;
196;Cardinal's Redress III;HOP;12000;;;;;;;;;;;;;;;;;;;;;rest;100 paranid;
197;Cardinal's Redress IV;HOP;13750;;;;;;;;;;;;;;;;;;;;;rest;100 paranid;
198;Cardinal's Redress V;HOP;14250;;;;;;;;;;;;;;;;;;;;;rest;100 paranid;
199;Cardinal's Redress VI;HOP;9750;;;;;;;;;;;;;;;;;;;;;rest;100 paranid;
200;Cardinal's Redress VII;HOP;11000;;;;;;;;;;;;;;;;;;;;;rest;100 paranid;
201;Cardinal's Redress VIII;HOP;12250;;;;;;;;;;;;;;;;;;;;;rest;100 paranid;
202;Gaian Prophecy I;PIO;8500;;;;;;;;;;;;;;;;;;;;;rest;100 terran;
203;Gaian Prophecy II;PIO;8250;;;;;;;;;;;;;;;;;;;;;rest;100 terran;
204;Gaian Prophecy III;PIO;9000;;;;;;;;;;;;;;;;;;;;;rest;100 terran;
205;Gaian Prophecy IV;PIO;7750;;;;;;;;;;;;;;;;;;;;;rest;100 terran;
206;Gaian Prophecy V;PIO;6750;;;;;;;;;;;;;;;;;;;;;rest;100 terran;
207;Gaian Prophecy VI;PIO;5950;;;;;;;;;;;;;;;;;;;;;rest;100 terran;
208;Gaian Prophecy VII;PIO;4500;;;;;;;;;;;;;;;;;;;;;rest;100 terran;
209;Segaris I;PIO;17500;;;;;;;;;;;;;;;;;;;;;rest;100 terran;
210;Segaris II;PIO;16500;;;;;;;;;;;;;;;;;;;;;rest;100 terran;
211;Segaris III;PIO;16250;;;;;;;;;;;;;;;;;;;;;rest;100 terran;
212;Segaris IV;PIO;11500;;;;;;;;;;;;;;;;;;;;;rest;100 terran;
213;Segaris V;PIO;14450;;;;;;;;;;;;;;;;;;;;;rest;100 terran;
214;Segaris VI;PIO;9250;;;;;;;;;;;;;;;;;;;;;rest;100 terran;
215;Segaris VII;PIO;11500;;;;;;;;;;;;;;;;;;;;;rest;100 terran;
216;Segaris VIII;PIO;12500;;;;;;;;;;;;;;;;;;;;;rest;100 terran;
217;Segaris IX;PIO;14000;;;;;;;;;;;;;;;;;;;;;rest;100 terran;
218;Ore Belt I;;250;;;;;;;;;;;;;;;;;;;;;rest;75 argon 25 teladi;
219;Ore Belt II;;550;;;;;;;;;;;;;;;;;;;;;rest;70 argon 30 teladi;
220;Ore Belt III;;450;;;;;;;;;;;;;;;;;;;;;rest;65 argon 35 teladi;
221;Ore Belt IV;;300;;;;;;;;;;;;;;;;;;;;;rest;80 argon 20 teladi;
222;Ore Belt V;;600;;;;;;;;;;;;;;;;;;;;;rest;85 argon 15 teladi;
223;Ore Belt VI;;200;;;;;;;;;;;;;;;;;;;;;rest;80 argon 20 teladi;
224;Third Redemption I;;350;;;;;;;;;;;;;;;;;;;;;rest;50 argon 50 paranid;
225;Third Redemption II;;250;;;;;;;;;;;;;;;;;;;;;rest;45 argon 55 paraid;
226;Third Redemption III;;550;;;;;;;;;;;;;;;;;;;;;rest;55 argon 55 paranid;
227;Third Redemption IV;;450;;;;;;;;;;;;;;;;;;;;;rest;60 argon 40 paranid;
228;Third Redemption V;;300;;;;;;;;;;;;;;;;;;;;;rest;40 argon 60 paranid;
229;Third Redemption VI;;600;;;;;;;;;;;;;;;;;;;;;rest;35 argon 65 paranid;
230;Third Redemption VII;;200;;;;;;;;;;;;;;;;;;;;;rest;30 argon 70 paranid;
231;Frontier Edge I;;300;;;;;;;;;;;;;;;;;;;;;rest;85 argon 15 teladi;
232;Frontier Edge II;;600;;;;;;;;;;;;;;;;;;;;;rest;80 argon 15 teladi 5 paranid;
233;Frontier Edge III;;200;;;;;;;;;;;;;;;;;;;;;rest;80 argon 10 teladi 10 paranid;
234;Frontier Edge IV;;350;;;;;;;;;;;;;;;;;;;;;rest;70 argon 15 teladi 15 paranid;
235;Frontier Edge V;;250;;;;;;;;;;;;;;;;;;;;;rest;75 argon 10 teladi 15 paranid;
236;Frontier Edge VI;;400;;;;;;;;;;;;;;;;;;;;;rest;75 argon 20 teladi 5 paranid;
237;Atiya's Misfortune I;XEN;150000;;;;;;;;;;;;;;;;;;;;;rest;100 xenon;
238;Atiya's Misfortune II;XEN;125500;;;;;;;;;;;;;;;;;;;;;rest;100 xenon;
239;Atiya's Misfortune III;XEN;125000;;;;;;;;;;;;;;;;;;;;;rest;100 xenon;
240;Atiya's Misfortune IV;XEN;106500;;;;;;;;;;;;;;;;;;;;;rest;100 xenon;
241;Atiya's Misfortune V;XEN;114500;;;;;;;;;;;;;;;;;;;;;rest;100 xenon;
242;Atiya's Misfortune VI;XEN;95500;;;;;;;;;;;;;;;;;;;;;rest;100 xenon;
243;Atiya's Misfortune VII;XEN;89500;;;;;;;;;;;;;;;;;;;;;rest;100 xenon;
244;Mists of Artemis I;;550;;;;;;;;;;;;;;;;;;;;;rest;50 argon 50 teladi;
245;Mists of Artemis II;;450;;;;;;;;;;;;;;;;;;;;;rest;55 argon 45 teladi;
246;Mists of Artemis III;;300;;;;;;;;;;;;;;;;;;;;;rest;45 argon 55 teladi;
247;Mists of Artemis IV;;600;;;;;;;;;;;;;;;;;;;;;rest;40 argon 60 teladi;
248;Mists of Artemis V;;200;;;;;;;;;;;;;;;;;;;;;rest;60 argon 40 teladi;
249;Faulty Logic I;XEN;32500;;;;;;;;;;;;;;;;;;;;;rest;100 xenon;
250;Faulty Logic II;XEN;31500;;;;;;;;;;;;;;;;;;;;;rest;100 xenon;
251;Faulty Logic III;XEN;26000;;;;;;;;;;;;;;;;;;;;;rest;100 xenon;
252;Faulty Logic IV;XEN;21500;;;;;;;;;;;;;;;;;;;;;rest;100 xenon;
253;Holy Vision I;HOP;65500;;;;;;;;;;;;;;;;;;;;;rest;100 paranid;
254;Holy Vision II;HOP;72250;;;;;;;;;;;;;;;;;;;;;rest;100 paranid;
255;Holy Vision III;HOP;59500;;;;;;;;;;;;;;;;;;;;;rest;100 paranid;
256;Holy Vision IV;HOP;48750;;;;;;;;;;;;;;;;;;;;;rest;100 paranid;
257;Holy Vision V;HOP;42250;;;;;;;;;;;;;;;;;;;;;rest;100 paranid;
258;Holy Vision VI;HOP;43500;;;;;;;;;;;;;;;;;;;;;rest;100 paranid;
259;Holy Vision VII;HOP;51500;;;;;;;;;;;;;;;;;;;;;rest;100 paranid;
260;Holy Vision VIII;HOP;50750;;;;;;;;;;;;;;;;;;;;;rest;100 paranid;
261;Holy Vision IX;HOP;49750;;;;;;;;;;;;;;;;;;;;;rest;100 paranid;
262;Holy Vision X;HOP;41250;;;;;;;;;;;;;;;;;;;;;rest;100 paranid;
263;Holy Vision XI;HOP;43500;;;;;;;;;;;;;;;;;;;;;rest;100 paranid;
264;Holy Vision XII;HOP;42500;;;;;;;;;;;;;;;;;;;;;rest;100 paranid;
265;Pontifex's Claim I;HOP;62500;;;;;;;;;;;;;;;;;;;;;rest;100 paranid;
266;Pontifex's Claim II;HOP;61250;;;;;;;;;;;;;;;;;;;;;rest;100 paranid;
267;Pontifex's Claim III;HOP;54500;;;;;;;;;;;;;;;;;;;;;rest;100 paranid;
268;Pontifex's Claim IV;HOP;53250;;;;;;;;;;;;;;;;;;;;;rest;100 paranid;
269;Pontifex's Claim V;HOP;51250;;;;;;;;;;;;;;;;;;;;;rest;100 paranid;
270;Pontifex's Claim VI;HOP;42250;;;;;;;;;;;;;;;;;;;;;rest;100 paranid;
271;Pious Mists I;GOD;18500;;;;;;;;;;;;;;;;;;;;;rest;100 paranid;
272;Pious Mists II;GOD;16750;;;;;;;;;;;;;;;;;;;;;rest;100 paranid;
273;Pious Mists III;GOD;15500;;;;;;;;;;;;;;;;;;;;;rest;100 paranid;
274;Pious Mists IV;GOD;12250;;;;;;;;;;;;;;;;;;;;;rest;100 paranid;
275;Pious Mists V;GOD;13500;;;;;;;;;;;;;;;;;;;;;rest;100 paranid;
276;Pious Mists VI;GOD;14550;;;;;;;;;;;;;;;;;;;;;rest;100 paranid;
277;Pious Mists VII;GOD;16650;;;;;;;;;;;;;;;;;;;;;rest;100 paranid;
278;Moo Kye's Revenge I;;1250;;;;;;;;;;;;;;;;;;;;;rest;50 paranid 50 teladi;
279;Moo Kye's Revenge II;;850;;;;;;;;;;;;;;;;;;;;;rest;55 paranid 45 teladi;
280;Moo Kye's Revenge III;;950;;;;;;;;;;;;;;;;;;;;;rest;60 paranid 40 teladi;
281;Moo Kye's Revenge IV;;1300;;;;;;;;;;;;;;;;;;;;;rest;65 paranid 35 teladi;
282;Moo Kye's Revenge V;;1450;;;;;;;;;;;;;;;;;;;;;rest;45 paranid 55 teladi;
283;Moo Kye's Revenge VI;;1200;;;;;;;;;;;;;;;;;;;;;rest;40 paranid 60 teladi;
284;Moo Kye's Revenge VII;;1150;;;;;;;;;;;;;;;;;;;;;rest;35 paranid 65 teladi;
285;Moo Kye's Revenge VIII;;900;;;;;;;;;;;;;;;;;;;;;rest;45 paranid 45 teladi 10 argon;
286;Moo Kye's Revenge IX;;1400;;;;;;;;;;;;;;;;;;;;;rest;40 paranid 45 teladi 15 argon;
287;Mi Ton's Refuge I;SPP;2250;;;;;;;;;;;;;;;;;;;;;rest;80 teladi 15 paranid 5 argon;
288;Mi Ton's Refuge II;SPP;3500;;;;;;;;;;;;;;;;;;;;;rest;95 teladi 5 paranid;
289;Mi Ton's Refuge III;SPP;2750;;;;;;;;;;;;;;;;;;;;;rest;90 teladi 10 paranid;
290;Mi Ton's Refuge IV;SPP;3250;;;;;;;;;;;;;;;;;;;;;rest;90 teladi 5 paranid 5 argon;
291;Mi Ton's Refuge V;SPP;4000;;;;;;;;;;;;;;;;;;;;;rest;85 teladi 10 paranid 5 argon;
292;Mi Ton's Refuge VI;SPP;4250;;;;;;;;;;;;;;;;;;;;;rest;95 teladi 5 argon;
293;Loomanckstrat's Legacy I;;1200;;;;;;;;;;;;;;;;;;;;;rest;80 teladi 15 paranid 5 argon;
294;Loomanckstrat's Legacy II;;1150;;;;;;;;;;;;;;;;;;;;;rest;95 teladi 5 paranid;
295;Loomanckstrat's Legacy III;;900;;;;;;;;;;;;;;;;;;;;;rest;90 teladi 10 paranid;
296;Loomanckstrat's Legacy IV;;1400;;;;;;;;;;;;;;;;;;;;;rest;90 teladi 5 paranid 5 argon;
297;Loomanckstrat's Legacy V;;1250;;;;;;;;;;;;;;;;;;;;;rest;85 teladi 10 paranid 5 argon;
298;Loomanckstrat's Legacy VI;;850;;;;;;;;;;;;;;;;;;;;;rest;95 teladi 5 argon;
299;Loomanckstrat's Legacy VII;;950;;;;;;;;;;;;;;;;;;;;;rest;100 teladi;
300;Loomanckstrat's Legacy VIII;;1300;;;;;;;;;;;;;;;;;;;;;rest;75 teladi 15 argon 10 paranid;
301;Loomanckstrat's Legacy IX;;1450;;;;;;;;;;;;;;;;;;;;;rest;80 teladi 10 paranid 5 argon 5 split;
302;CEO's Doubt I;TEL;15500;;;;;;;;;;;;;;;;;;;;;rest;100 teladi;
303;CEO's Doubt II;TEL;15000;;;;;;;;;;;;;;;;;;;;;rest;100 teladi;
304;CEO's Doubt III;TEL;14250;;;;;;;;;;;;;;;;;;;;;rest;100 teladi;
305;CEO's Doubt IV;TEL;21250;;;;;;;;;;;;;;;;;;;;;rest;100 teladi;
306;CEO's Doubt V;TEL;17750;;;;;;;;;;;;;;;;;;;;;rest;100 teladi;
307;CEO's Doubt VI;TEL;16750;;;;;;;;;;;;;;;;;;;;;rest;100 teladi;
308;CEO's Doubt VII;TEL;16500;;;;;;;;;;;;;;;;;;;;;rest;100 teladi;
309;CEO's Doubt VIII;TEL;12500;;;;;;;;;;;;;;;;;;;;;rest;100 teladi;
310;CEO's Doubt IX;TEL;11500;;;;;;;;;;;;;;;;;;;;;rest;100 teladi;
311;Unholy Retribution I;GOD;33500;;;;;;;;;;;;;;;;;;;;;rest;100 paranid;
312;Unholy Retribution II;GOD;31500;;;;;;;;;;;;;;;;;;;;;rest;100 paranid;
313;Unholy Retribution III;GOD;28500;;;;;;;;;;;;;;;;;;;;;rest;100 paranid;
314;Unholy Retribution IV;GOD;26500;;;;;;;;;;;;;;;;;;;;;rest;100 paranid;
315;Unholy Retribution V;GOD;19950;;;;;;;;;;;;;;;;;;;;;rest;100 paranid;
316;Unholy Retribution VI;GOD;21500;;;;;;;;;;;;;;;;;;;;;rest;100 paranid;
317;Unholy Retribution VII;GOD;26500;;;;;;;;;;;;;;;;;;;;;rest;100 paranid;
318;Unholy Retribution VIII;GOD;24500;;;;;;;;;;;;;;;;;;;;;rest;100 paranid;
319;Nopileos' Fortune I;;19500;;;;;;;;;;;;;;;;;;;;;rest;75 teladi 25 paranid;
320;Nopileos' Fortune II;BUC;25500;;;;;;;;;;;;;;;;;;;;;rest;95 paranid 5 teladi;
321;Nopileos' Fortune III;BUC;22750;;;;;;;;;;;;;;;;;;;;;rest;95 paranid 5 teladi;
322;Nopileos' Fortune IV;BUC;21200;;;;;;;;;;;;;;;;;;;;;rest;95 paranid 5 teladi;
323;Nopileos' Fortune V;;17500;;;;;;;;;;;;;;;;;;;;;rest;80 teladi 20 paranid;
324;Nopileos' Fortune VI;;12450;;;;;;;;;;;;;;;;;;;;;rest;85 teladi 15 paranid;
325;Nopileos' Fortune VII;;12750;;;;;;;;;;;;;;;;;;;;;rest;90 teladi 10 paranid;
326;True Sight I;HOP;15500;;;;;;;;;;;;;;;;;;;;;rest;100 paranid;
327;True Sight II;HOP;17500;;;;;;;;;;;;;;;;;;;;;rest;100 paranid;
328;True Sight III;HOP;13500;;;;;;;;;;;;;;;;;;;;;rest;100 paranid;
329;True Sight IV;HOP;13750;;;;;;;;;;;;;;;;;;;;;rest;100 paranid;
330;True Sight V;HOP;18000;;;;;;;;;;;;;;;;;;;;;rest;100 paranid;
331;Scarlet Star I;;;;;;;;;;;;;;;;;;;;;;;rest;50 teladi 25 argon 25 paranid;
332;Scarlet Star II;;;;;;;;;;;;;;;;;;;;;;;rest;55 teladi 20 argon 25 paranid;
333;Scarlet Star III;;;;;;;;;;;;;;;;;;;;;;;rest;60 teladi 20 argon 20 paranid;
334;Scarlet Star IV;;;;;;;;;;;;;;;;;;;;;;;rest;45 teladi 30 argon 25 paranid;
335;Scarlet Star V;;;;;;;;;;;;;;;;;;;;;;;rest;50 teladi 30 argon 20 paranid;
336;Scarlet Star VI;;;;;;;;;;;;;;;;;;;;;;;rest;55 teladi 30 argon 15 paranid;
337;Void of Opportunity I;;;;;;;;;;;;;;;;;;;;;;;rest;50 teladi 25 argon 25 paranid;
338;Void of Opportunity II;;;;;;;;;;;;;;;;;;;;;;;rest;55 teladi 20 argon 25 paranid;
339;Void of Opportunity III;;;;;;;;;;;;;;;;;;;;;;;rest;60 teladi 20 argon 20 paranid;
340;Void of Opportunity IV;;;;;;;;;;;;;;;;;;;;;;;rest;45 teladi 30 argon 25 paranid;
341;Void of Opportunity V;;;;;;;;;;;;;;;;;;;;;;;rest;50 teladi 30 argon 20 paranid;
342;Void of Opportunity VI;;;;;;;;;;;;;;;;;;;;;;;rest;55 teladi 30 argon 15 paranid;
343;Void of Opportunity VII;;;;;;;;;;;;;;;;;;;;;;;rest;60 teladi 30 argon 10 paranid;
344;Path to Profit I;TEL;;;;;;;;;;;;;;;;;;;;;;rest;100 teladi;
345;Path to Profit II;TEL;;;;;;;;;;;;;;;;;;;;;;rest;100 teladi;
346;Path to Profit III;TEL;;;;;;;;;;;;;;;;;;;;;;rest;100 teladi;
347;Path to Profit IV;TEL;;;;;;;;;;;;;;;;;;;;;;rest;100 teladi;
348;Path to Profit V;TEL;;;;;;;;;;;;;;;;;;;;;;rest;100 teladi;
349;Antigone Memorial I;ANT;;;;;;;;;;;;;;;;;;;;;;rest;100 argon;
350;Antigone Memorial II;ANT;;;;;;;;;;;;;;;;;;;;;;rest;100 argon;
351;Antigone Memorial III;ANT;;;;;;;;;;;;;;;;;;;;;;rest;100 argon;
352;Antigone Memorial IV;ANT;;;;;;;;;;;;;;;;;;;;;;rest;100 argon;
353;Antigone Memorial V;ANT;;;;;;;;;;;;;;;;;;;;;;rest;100 argon;
354;Antigone Memorial VI;ANT;;;;;;;;;;;;;;;;;;;;;;rest;100 argon;
355;Antigone Memorial VII;ANT;;;;;;;;;;;;;;;;;;;;;;rest;100 argon;
356;The Void I;ANT;;;;;;;;;;;;;;;;;;;;;;rest;100 argon;
357;The Void II;ANT;;;;;;;;;;;;;;;;;;;;;;rest;100 argon;
358;The Void III;ANT;;;;;;;;;;;;;;;;;;;;;;rest;100 argon;
359;The Void IV;ANT;;;;;;;;;;;;;;;;;;;;;;rest;100 argon;
360;The Void V;ANT;;;;;;;;;;;;;;;;;;;;;;rest;100 argon;
361;The Void VI;ANT;;;;;;;;;;;;;;;;;;;;;;rest;100 argon;
362;The Void VII;ANT;;;;;;;;;;;;;;;;;;;;;;rest;100 argon;
363;Second Contact I;ANT;;;;;;;;;;;;;;;;;;;;;;rest;100 argon;
364;Second Contact II;ANT;;;;;;;;;;;;;;;;;;;;;;rest;100 argon;
365;Second Contact III;ANT;;;;;;;;;;;;;;;;;;;;;;rest;100 argon;
366;Second Contact IV;ANT;;;;;;;;;;;;;;;;;;;;;;rest;100 argon;
367;Second Contact V;ANT;;;;;;;;;;;;;;;;;;;;;;rest;100 argon;
368;Second Contact VI;ANT;;;;;;;;;;;;;;;;;;;;;;rest;100 argon;
369;Second Contact VII;ANT;;;;;;;;;;;;;;;;;;;;;;rest;100 argon;
370;Second Contact VIII;ANT;;;;;;;;;;;;;;;;;;;;;;rest;100 argon;
371;Second Contact IX;ANT;;;;;;;;;;;;;;;;;;;;;;rest;100 argon;
372;Second Contact X;ANT;;;;;;;;;;;;;;;;;;;;;;rest;100 argon;
373;Second Contact XI;ANT;;;;;;;;;;;;;;;;;;;;;;rest;100 argon;
374;Second Contact XII;ANT;;;;;;;;;;;;;;;;;;;;;;rest;100 argon;
375;Black Hole Sun I;AGN;;;;;;;;;;;;;;;;;;;;;;rest;100 argon;
376;Black Hole Sun II;AGN;;;;;;;;;;;;;;;;;;;;;;rest;100 argon;
377;Black Hole Sun III;AGN;;;;;;;;;;;;;;;;;;;;;;rest;100 argon;
378;Black Hole Sun IV;AGN;;;;;;;;;;;;;;;;;;;;;;rest;100 argon;
379;Black Hole Sun V;AGN;;;;;;;;;;;;;;;;;;;;;;rest;100 argon;
380;Black Hole Sun VI;AGN;;;;;;;;;;;;;;;;;;;;;;rest;100 argon;
381;Black Hole Sun VII;AGN;;;;;;;;;;;;;;;;;;;;;;rest;100 argon;
382;Black Hole Sun VIII;AGN;;;;;;;;;;;;;;;;;;;;;;rest;100 argon;
383;Black Hole Sun IX;AGN;;;;;;;;;;;;;;;;;;;;;;rest;100 argon;
384;Grand Exchange I;TEL;;;;;;;;;;;;;;;;;;;;;;rest;100 teladi;
385;Grand Exchange II;TEL;;;;;;;;;;;;;;;;;;;;;;rest;100 teladi;
386;Grand Exchange III;TEL;;;;;;;;;;;;;;;;;;;;;;rest;100 teladi;
387;Grand Exchange IV;TEL;;;;;;;;;;;;;;;;;;;;;;rest;100 teladi;
388;Grand Exchange V;TEL;;;;;;;;;;;;;;;;;;;;;;rest;100 teladi;
389;Grand Exchange VI;TEL;;;;;;;;;;;;;;;;;;;;;;rest;100 teladi;
390;Grand Exchange VII;TEL;;;;;;;;;;;;;;;;;;;;;;rest;100 teladi;
391;Grand Exchange VIII;TEL;;;;;;;;;;;;;;;;;;;;;;rest;100 teladi;
392;Grand Exchange IX;TEL;;;;;;;;;;;;;;;;;;;;;;rest;100 teladi;
393;Grand Exchange X;TEL;;;;;;;;;;;;;;;;;;;;;;rest;100 teladi;
394;Windfall I;VIG;;;;;;;;;;;;;;;;;;;;;;rest;100 argon;
395;Windfall II;VIG;;;;;;;;;;;;;;;;;;;;;;rest;100 argon;
396;Windfall III;VIG;;;;;;;;;;;;;;;;;;;;;;rest;100 argon;
397;Windfall IV;VIG;;;;;;;;;;;;;;;;;;;;;;rest;100 argon;
398;Windfall V;VIG;;;;;;;;;;;;;;;;;;;;;;rest;100 argon;
399;Avarice I;RIP;;;;;;;;;;;;;;;;;;;;;;rest;100 argon;
400;Avarice II;RIP;;;;;;;;;;;;;;;;;;;;;;rest;100 argon;
401;Avarice III;RIP;;;;;;;;;;;;;;;;;;;;;;rest;100 argon;
402;Avarice IV;RIP;;;;;;;;;;;;;;;;;;;;;;rest;100 argon;
403;Avarice V;RIP;;;;;;;;;;;;;;;;;;;;;;rest;100 argon;
404;Avarice VI;RIP;;;;;;;;;;;;;;;;;;;;;;rest;100 argon;
405;Avarice VII;RIP;;;;;;;;;;;;;;;;;;;;;;rest;100 argon;
406;Avarice VIII;RIP;;;;;;;;;;;;;;;;;;;;;;rest;100 argon;
407;Avarice IX;RIP;;;;;;;;;;;;;;;;;;;;;;rest;100 argon;
408;Nopileos' Memorial I;;;;;;;;;;;;;;;;;;;;;;;rest;50 teladi 50 paranid;
409;Nopileos' Memorial II;;;;;;;;;;;;;;;;;;;;;;;rest;55 teladi 45 paranid;
410;Nopileos' Memorial III;;;;;;;;;;;;;;;;;;;;;;;rest;45 teladi 55 teladi;
411;Nopileos' Memorial IV;;;;;;;;;;;;;;;;;;;;;;;rest;60 teladi 40 paranid;
412;Nopileos' Memorial V;;;;;;;;;;;;;;;;;;;;;;;rest;40 teladi 60 paranid;
413;Hatikvah's Faith I;;;;;;;;;;;;;;;;;;;;;;;rest;100 argon;
414;Hatikvah's Faith II;;;;;;;;;;;;;;;;;;;;;;;rest;100 argon;
415;Hatikvah's Faith III;;;;;;;;;;;;;;;;;;;;;;;rest;100 argon;
416;Hatikvah's Faith IV;;;;;;;;;;;;;;;;;;;;;;;rest;100 argon;
417;Hatikvah's Faith V;;;;;;;;;;;;;;;;;;;;;;;rest;100 argon;
418;Hatikvah's Faith VI;;;;;;;;;;;;;;;;;;;;;;;rest;100 argon;
419;Hatikvah's Faith VII;;;;;;;;;;;;;;;;;;;;;;;rest;100 argon;
420;The Reach I;AGN;;;;;;;;;;;;;;;;;;;;;;rest;100 argon;Lorewise full of aristocrats
421;The Reach II;AGN;;;;;;;;;;;;;;;;;;;;;;rest;100 argon;
422;The Reach III;AGN;;;;;;;;;;;;;;;;;;;;;;rest;100 argon;
423;The Reach IV;AGN;;;;;;;;;;;;;;;;;;;;;;rest;100 argon;
424;The Reach V;AGN;;;;;;;;;;;;;;;;;;;;;;rest;100 argon;
425;The Reach VI;AGN;;;;;;;;;;;;;;;;;;;;;;rest;100 argon;
426;The Reach VII;AGN;;;;;;;;;;;;;;;;;;;;;;rest;100 argon;
427;Argon Prime I;AGN;;;;;;;;;;;;;;;;;;;;;;rest;100 argon;
428;Argon Prime II;AGN;;;;;;;;;;;;;;;;;;;;;;rest;100 argon;
429;Argon Prime III;AGN;;;;;;;;;;;;;;;;;;;;;;rest;100 argon;
430;Argon Prime IV;AGN;;;;;;;;;;;;;;;;;;;;;;rest;100 argon;
431;Argon Prime V;AGN;;;;;;;;;;;;;;;;;;;;;;rest;100 argon;
432;Argon Prime VI;AGN;;;;;;;;;;;;;;;;;;;;;;rest;100 argon;
433;Argon Prime VII;AGN;;;;;;;;;;;;;;;;;;;;;;rest;100 argon;
434;Argon Prime VIII;AGN;;;;;;;;;;;;;;;;;;;;;;rest;100 argon;
435;Argon Prime IX;AGN;;;;;;;;;;;;;;;;;;;;;;rest;100 argon;
436;Morning Star I;AGN;;;;;;;;;;;;;;;;;;;;;;rest;100 argon;
437;Morning Star II;AGN;;;;;;;;;;;;;;;;;;;;;;rest;100 argon;
438;Morning Star III;AGN;;;;;;;;;;;;;;;;;;;;;;rest;100 argon;
439;Morning Star IV;AGN;;;;;;;;;;;;;;;;;;;;;;rest;100 argon;
440;Morning Star V;AGN;;;;;;;;;;;;;;;;;;;;;;rest;100 argon;
441;Morning Star VI;AGN;;;;;;;;;;;;;;;;;;;;;;rest;100 argon;
442;Morning Star VII;AGN;;;;;;;;;;;;;;;;;;;;;;rest;100 argon;
443;Morning Star VIII;AGN;;;;;;;;;;;;;;;;;;;;;;rest;100 argon;
444;Morning Star IX;AGN;;;;;;;;;;;;;;;;;;;;;;rest;100 argon;
445;Hatikvah's Choice I;HFL;;;;;;;;;;;;;;;;;;;;;;rest;100 argon;
446;Hatikvah's Choice II;HFL;;;;;;;;;;;;;;;;;;;;;;rest;100 argon;
447;Hatikvah's Choice III;HFL;;;;;;;;;;;;;;;;;;;;;;rest;100 argon;
448;Hatikvah's Choice IV;HFL;;;;;;;;;;;;;;;;;;;;;;rest;100 argon;
449;Hatikvah's Choice V;HFL;;;;;;;;;;;;;;;;;;;;;;rest;100 argon;
450;Hatikvah's Choice VI;HFL;;;;;;;;;;;;;;;;;;;;;;rest;100 argon;
451;Hatikvah's Choice VII;AGN;;;;;;;;;;;;;;;;;;;;;;rest;100 argon;
452;Hatikvah's Choice VIII;HFL;;;;;;;;;;;;;;;;;;;;;;rest;100 argon;
453;Tharka's Cascade I;XEN;;;;;;;;;;;;;;;;;;;;;;rest;100 xenon;
454;Tharka's Cascade II;XEN;;;;;;;;;;;;;;;;;;;;;;rest;100 xenon;
455;Tharka's Cascade III;XEN;;;;;;;;;;;;;;;;;;;;;;rest;100 xenon;
456;Tharka's Cascade IV;XEN;;;;;;;;;;;;;;;;;;;;;;rest;100 xenon;
457;Tharka's Cascade V;XEN;;;;;;;;;;;;;;;;;;;;;;rest;100 xenon;
458;Tharka's Cascade VI;XEN;;;;;;;;;;;;;;;;;;;;;;rest;100 xenon;
459;Tharka's Cascade VII;XEN;;;;;;;;;;;;;;;;;;;;;;rest;100 xenon;
460;Tharka's Cascade VIII;XEN;;;;;;;;;;;;;;;;;;;;;;rest;100 xenon;
461;Scale Plate Green I;XEN;;;;;;;;;;;;;;;;;;;;;;rest;100 xenon;
462;Scale Plate Green II;XEN;;;;;;;;;;;;;;;;;;;;;;rest;100 xenon;
463;Scale Plate Green III;XEN;;;;;;;;;;;;;;;;;;;;;;rest;100 xenon;
464;Scale Plate Green IV;XEN;;;;;;;;;;;;;;;;;;;;;;rest;100 xenon;
465;Scale Plate Green V;XEN;;;;;;;;;;;;;;;;;;;;;;rest;100 xenon;
466;Scale Plate Green VI;XEN;;;;;;;;;;;;;;;;;;;;;;rest;100 xenon;
467;Scale Plate Green VII;XEN;;;;;;;;;;;;;;;;;;;;;;rest;100 xenon;
468;Turqoise Sea I;;;;;;;;;;;;;;;;;;;;;;;rest;100 teladi;
469;Turqoise Sea II;;;;;;;;;;;;;;;;;;;;;;;rest;100 teladi;
470;Turqoise Sea III;;;;;;;;;;;;;;;;;;;;;;;rest;100 teladi;
471;Turqoise Sea IV;;;;;;;;;;;;;;;;;;;;;;;rest;100 teladi;
472;Turqoise Sea V;;;;;;;;;;;;;;;;;;;;;;;rest;100 teladi;
473;Company Regard I;TEL;;;;;;;;;;;;;;;;;;;;;;rest;100 teladi;
474;Company Regard II;TEL;;;;;;;;;;;;;;;;;;;;;;rest;100 teladi;
475;Company Regard III;TEL;;;;;;;;;;;;;;;;;;;;;;rest;100 teladi;
476;Company Regard IV;TEL;;;;;;;;;;;;;;;;;;;;;;rest;100 teladi;
477;Company Regard V;TEL;;;;;;;;;;;;;;;;;;;;;;rest;100 teladi;
478;Company Regard VI;TEL;;;;;;;;;;;;;;;;;;;;;;rest;100 teladi;
479;Company Regard VII;TEL;;;;;;;;;;;;;;;;;;;;;;rest;100 teladi;
480;Company Regard VIII;TEL;;;;;;;;;;;;;;;;;;;;;;rest;100 teladi;
481;Hewa's Twin I;TEL;;;;;;;;;;;;;;;;;;;;;;rest;100 teladi;
482;Hewa's Twin II;TEL;;;;;;;;;;;;;;;;;;;;;;rest;100 teladi;
483;Hewa's Twin III;TEL;;;;;;;;;;;;;;;;;;;;;;rest;100 teladi;
484;Hewa's Twin IV;;;;;;;;;;;;;;;;;;;;;;;rest;100 teladi;
485;Hewa's Twin V;;;;;;;;;;;;;;;;;;;;;;;rest;100 teladi;
486;Hewa's Twin VI;SPP;;;;;;;;;;;;;;;;;;;;;;rest;100 teladi;
487;Hewa's Twin VII;SPP;;;;;;;;;;;;;;;;;;;;;;rest;100 teladi;
488;Trinity Sanctum I;GOD;;;;;;;;;;;;;;;;;;;;;;rest;100 paranid;
489;Trinity Sanctum II;GOD;;;;;;;;;;;;;;;;;;;;;;rest;100 paranid;
490;Trinity Sanctum III;ALI;;;;;;;;;;;;;;;;;;;;;;rest;100 paranid;
491;Trinity Sanctum IV;ALI;;;;;;;;;;;;;;;;;;;;;;rest;100 paranid;
492;Trinity Sanctum V;GOD;;;;;;;;;;;;;;;;;;;;;;rest;100 paranid;
493;Trinity Sanctum VI;GOD;;;;;;;;;;;;;;;;;;;;;;rest;100 paranid;
494;Trinity Sanctum VII;GOD;;;;;;;;;;;;;;;;;;;;;;rest;100 paranid;
495;Trinity Sanctum VIII;GOD;;;;;;;;;;;;;;;;;;;;;;rest;100 paranid;
496;Memory of Profit I;TEL;;;;;;;;;;;;;;;;;;;;;;rest;100 teladi;
497;Memory of Profit II;TEL;;;;;;;;;;;;;;;;;;;;;;rest;100 teladi;
498;Memory of Profit III;TEL;;;;;;;;;;;;;;;;;;;;;;rest;100 teladi;
499;Memory of Profit IV;TEL;;;;;;;;;;;;;;;;;;;;;;rest;100 teladi;
500;Memory of Profit V;TEL;;;;;;;;;;;;;;;;;;;;;;rest;100 teladi;
501;Memory of Profit VI;TEL;;;;;;;;;;;;;;;;;;;;;;rest;100 teladi;
502;Memory of Profit VII;TEL;;;;;;;;;;;;;;;;;;;;;;rest;100 teladi;
503;Memory of Profit VIII;TEL;;;;;;;;;;;;;;;;;;;;;;rest;100 teladi;
504;Mitsunos Remembrance I;QTA;;;;;;;;;;;;;;;;;;;;;;rest;100 quettanaut;
505;Mitsunos Remembrance II;QTA;;;;;;;;;;;;;;;;;;;;;;rest;100 quettanaut;
506;Mitsunos Remembrance III;QTA;;;;;;;;;;;;;;;;;;;;;;rest;100 quettanaut;
507;Mitsunos Remembrance IV;QTA;;;;;;;;;;;;;;;;;;;;;;rest;100 quettanaut;
508;Mitsunos Remembrance V;QTA;;;;;;;;;;;;;;;;;;;;;;rest;100 quettanaut;
509;Eighteen Billion I;MIN;;;;;;;;;;;;;;;;;;;;;;rest;100 teladi;
510;Eighteen Billion II;TEL;;;;;;;;;;;;;;;;;;;;;;rest;100 teladi;
511;Eighteen Billion III;TEL;;;;;;;;;;;;;;;;;;;;;;rest;100 teladi;
512;Eighteen Billion IV;TEL;;;;;;;;;;;;;;;;;;;;;;rest;100 teladi;
513;Eighteen Billion V;MIN;;;;;;;;;;;;;;;;;;;;;;rest;100 teladi;
514;Eighteen Billion VI;MIN;;;;;;;;;;;;;;;;;;;;;;rest;100 teladi;
515;Eighteen Billion VII;MIN;;;;;;;;;;;;;;;;;;;;;;rest;100 teladi;
516;Eighteen Billion VIII;MIN;;;;;;;;;;;;;;;;;;;;;;rest;100 teladi;
517;President's End I;AGN;;;;;;;;;;;;;;;;;;;;;;rest;100 argon;
518;President's End II;AGN;;;;;;;;;;;;;;;;;;;;;;rest;100 argon;
519;President's End III;AGN;;;;;;;;;;;;;;;;;;;;;;rest;100 argon;
520;President's End IV;AGN;;;;;;;;;;;;;;;;;;;;;;rest;100 argon;
521;President's End V;AGN;;;;;;;;;;;;;;;;;;;;;;rest;100 argon;
522;President's End VI;AGN;;;;;;;;;;;;;;;;;;;;;;rest;100 argon;
523;Silent Witness I;AGN;;;;;;;;;;;;;;;;;;;;;;rest;100 argon;
524;Silent Witness II;AGN;;;;;;;;;;;;;;;;;;;;;;rest;100 argon;
525;Silent Witness III;AGN;;;;;;;;;;;;;;;;;;;;;;rest;100 argon;
526;Silent Witness IV;AGN;;;;;;;;;;;;;;;;;;;;;;rest;100 argon;
527;Silent Witness V;CKK;;;;;;;;;;;;;;;;;;;;20;100 argon;rest;100 khaak;
528;Silent Witness VI;;;;;;;;;;;;;;;;;;;;;;;rest;100 argon;
529;Silent Witness VII;;;;;;;;;;;;;;;;;;;;;;;rest;100 argon;
530;Silent Witness VIII;SPP;;;;;;;;;;;;;;;;;;;;;;rest;80 teladi 20 argon;
531;Profit Center Alpha I;MIN;;;;;;;;;;;;;;;;;;;;;;rest;100 teladi;
532;Profit Center Alpha II;MIN;;;;;;;;;;;;;;;;;;;;;;rest;100 teladi;
533;Profit Center Alpha III;MIN;;;;;;;;;;;;;;;;;;;;;;rest;100 teladi;
534;Profit Center Alpha IV;MIN;;;;;;;;;;;;;;;;;;;;;;rest;100 teladi;
535;Matrix 101 I;XEN;;;;;;;;;;;;;;;;;;;;;;rest;100 xenon;
536;Matrix 101 II;XEN;;;;;;;;;;;;;;;;;;;;;;rest;100 xenon;
537;Matrix 101 III;XEN;;;;;;;;;;;;;;;;;;;;;;rest;100 xenon;
538;Matrix 101 IV;XEN;;;;;;;;;;;;;;;;;;;;;;rest;100 xenon;
539;Matrix 101 V;XEN;;;;;;;;;;;;;;;;;;;;;;rest;100 xenon;
540;Two Grand I;TEL;;;;;;;;;;;;;;;;;;;;;;rest;100 teladi;
541;Two Grand II;TEL;;;;;;;;;;;;;;;;;;;;;;rest;100 teladi;
542;Two Grand III;TEL;;;;;;;;;;;;;;;;;;;;;;rest;100 teladi;
543;Two Grand IV;TEL;;;;;;;;;;;;;;;;;;;;;;rest;100 teladi;
544;Two Grand V;TEL;;;;;;;;;;;;;;;;;;;;;;rest;100 teladi;
545;Two Grand VI;TEL;;;;;;;;;;;;;;;;;;;;;;rest;100 teladi;
546;Two Grand VII;TEL;;;;;;;;;;;;;;;;;;;;;;rest;100 teladi;
547;Open Market I;TEL;;;;;;;;;;;;;;;;;;;;;;rest;100 teladi;
548;Open Market II;TEL;;;;;;;;;;;;;;;;;;;;;;rest;100 teladi;
549;Open Market III;TEL;;;;;;;;;;;;;;;;;;;;;;rest;100 teladi;
550;Open Market IV;TEL;;;;;;;;;;;;;;;;;;;;;;rest;100 teladi;
551;Open Market V;TEL;;;;;;;;;;;;;;;;;;;;;;rest;100 teladi;
552;Eleventh Hour I;AGN;;;;;;;;;;;;;;;;;;;;;;rest;100 argon;
553;Eleventh Hour II;AGN;;;;;;;;;;;;;;;;;;;;;;rest;100 argon;
554;Eleventh Hour III;AGN;;;;;;;;;;;;;;;;;;;;;;rest;100 argon;
555;Eleventh Hour IV;AGN;;;;;;;;;;;;;;;;;;;;;;rest;100 argon;
556;Guiding Star I;AGN;;;;;;;;;;;;;;;;;;;;;;rest;100 argon;
557;Guiding Star II;AGN;;;;;;;;;;;;;;;;;;;;;;rest;100 argon;
558;Guiding Star III;AGN;;;;;;;;;;;;;;;;;;;;;;rest;100 argon;
559;Guiding Star IV;AGN;;;;;;;;;;;;;;;;;;;;;;rest;100 argon;
560;Guiding Star V;AGN;;;;;;;;;;;;;;;;;;;;;;rest;100 argon;
561;Bright Promise I;TEL;;;;;;;;;;;;;;;;;;;;;;rest;100 teladi;
562;Bright Promise II;TEL;;;;;;;;;;;;;;;;;;;;;;rest;100 teladi;
563;Bright Promise III;TEL;;;;;;;;;;;;;;;;;;;;;;rest;100 teladi;
564;Bright Promise IV;TEL;;;;;;;;;;;;;;;;;;;;;;rest;100 teladi;
565;Bright Promise V;TEL;;;;;;;;;;;;;;;;;;;;;;rest;100 teladi;
566;Bright Promise VI;TEL;;;;;;;;;;;;;;;;;;;;;;rest;100 teladi;
567;Bright Promise VII;TEL;;;;;;;;;;;;;;;;;;;;;;rest;100 teladi;
568;Ianamus Zura I;TEL;;;;;;;;;;;;;;;;;;;;;;rest;100 teladi;
569;Ianamus Zura II;TEL;;;;;;;;;;;;;;;;;;;;;;rest;100 teladi;
570;Ianamus Zura III;TEL;;;;;;;;;;;;;;;;;;;;;;rest;100 teladi;
571;Ianamus Zura IV;TEL;;;;;;;;;;;;;;;;;;;;;;rest;100 teladi;
572;Ianamus Zura V;TEL;;;;;;;;;;;;;;;;;;;;;;rest;100 teladi;
573;Ianamus Zura VI;TEL;;;;;;;;;;;;;;;;;;;;;;rest;100 teladi;
574;Ianamus Zura VII;TEL;;;;;;;;;;;;;;;;;;;;;;rest;100 teladi;
575;Ianamus Zura VIII;TEL;;;;;;;;;;;;;;;;;;;;;;rest;100 teladi;
576;Ianamus Zura IX;TEL;;;;;;;;;;;;;;;;;;;;;;rest;100 teladi;
577;Ianamus Zura X;TEL;;;;;;;;;;;;;;;;;;;;;;rest;100 teladi;
578;Ianamus Zura XI;TEL;;;;;;;;;;;;;;;;;;;;;;rest;100 teladi;
579;Heart of Acrimony I;;550;;;;;;;;;;;;;;;;;;;;;rest;100 split;
580;Heart of Acrimony II;FRF;14500;;;;;;;;;;;;;;;;;;;;;rest;100 split;
581;Heart of Acrimony III;;650;;;;;;;;;;;;;;;;;;;;;rest;100 split;
582;Heart of Acrimony IV;;700;;;;;;;;;;;;;;;;;;;;;rest;100 split;
583;Heart of Acrimony V;;450;;;;;;;;;;;;;;;;;;;;;rest;100 split;
584;Tharka's Ravine I;FRF;;;;;;;;;;;;;;;;;;;;;;rest;100 split;
585;Tharka's Ravine II;FRF;;;;;;;;;;;;;;;;;;;;;;rest;100 split;
586;Tharka's Ravine III;FRF;;;;;;;;;;;;;;;;;;;;;;rest;100 split;
587;Tharka's Ravine IV;FRF;;;;;;;;;;;;;;;;;;;;;;rest;100 split;
588;Tharka's Ravine V;FRF;;;;;;;;;;;;;;;;;;;;;;rest;100 split;
589;Tharka's Ravine VI;XEN;;;;;;;;;;;;;;;;;;;;15;100 split;rest;100 xenon;
590;Tharka's Ravine VII;XEN;;;;;;;;;;;;;;;;;;;;20;100 split;rest;100 xenon;
591;Tharka's Ravine VIII;FRF;;;;;;;;;;;;;;;;;;;;;;rest;100 split;
592;Tharka's Ravine IX;FRF;;;;;;;;;;;;;;;;;;;;;;rest;100 split;
593;Tharka's Ravine X;FRF;;;;;;;;;;;;;;;;;;;;;;rest;100 split;
594;Tharka's Ravine XI;FRF;;;;;;;;;;;;;;;;;;;;;;rest;100 split;
595;Thuruk's Demise I;FRF;;;;;;;;;;;;;;;;;;;;;;rest;100 split;
596;Thuruk's Demise II;FRF;;;;;;;;;;;;;;;;;;;;;;rest;100 split;
597;Thuruk's Demise III;FRF;;;;;;;;;;;;;;;;;;;;;;rest;100 split;
598;Thuruk's Demise IV;FRF;;;;;;;;;;;;;;;;;;;;;;rest;100 split;
599;Thuruk's Demise V;FRF;;;;;;;;;;;;;;;;;;;;;;rest;100 split;
600;Queen's Space I;WEN;5500;;;;;;;;;;;;;;;;;;;;;rest;100 wenendra ;
601;Queen's Space II;BOR;;;;;;;;;;;;;;;;;;;;;;rest;100 boron;
602;Queen's Space III;BOR;;;;;;;;;;;;;;;;;;;;;;rest;100 boron;
603;Queen's Space IV;BOR;;;;;;;;;;;;;;;;;;;;;;rest;100 boron;
604;Queen's Space V;WEN;1250;;;;;;;;;;;;;;;;;;;;;rest;100 wenendra ;
605;Queen's Space VI;WEN;1350;;;;;;;;;;;;;;;;;;;;;rest;100 wenendra ;
606;Elysium of Light I;GON;9500;;;;;;;;;;;;;;;;;;;;;rest;100 goner;
607;Elysium of Light II;GON;8750;;;;;;;;;;;;;;;;;;;;;rest;100 goner;
608;Elysium of Light III;GON;5550;;;;;;;;;;;;;;;;;;;;;rest;100 goner;
609;Elysium of Light IV;GON;6650;;;;;;;;;;;;;;;;;;;;;rest;100 goner;
610;Cloudbase I;AGN;;;;;;;;;;;;;;;;;;;;;;rest;100 argon;
611;Cloudbase II;AGN;;;;;;;;;;;;;;;;;;;;;;rest;100 argon;
612;Cloudbase III;GON;;;;;;;;;;;;;;;;;;;;;;rest;80 goner 20 argon;
613;Cloudbase IV;AGN;;;;;;;;;;;;;;;;;;;;;;rest;100 argon;
614;Cloudbase V;AGN;;;;;;;;;;;;;;;;;;;;;;rest;100 argon;
615;Cloudbase VI;AGN;;;;;;;;;;;;;;;;;;;;;;rest;100 argon;
616;Cloudbase VII;AGN;;;;;;;;;;;;;;;;;;;;;;rest;100 argon;
617;Sohnen I;SOH;;;;;;;;;;;;;;;;;;;;;;rest;100 sohnen;
618;Sohnen II;SOH;;;;;;;;;;;;;;;;;;;;;;rest;100 sohnen;
619;Sohnen III;SOH;;;;;;;;;;;;;;;;;;;;;;rest;100 sohnen;
620;Sohnen IV;SOH;;;;;;;;;;;;;;;;;;;;;;rest;100 sohnen;
621;Matrix 9 I;XEN;;;;;;;;;;;;;;;;;;;;;;rest;100 xenon;
622;Matrix 9 II;XEN;;;;;;;;;;;;;;;;;;;;;;rest;100 xenon;
623;Matrix 9 III;XEN;;;;;;;;;;;;;;;;;;;;;;rest;100 xenon;
624;Matrix 9 IV;XEN;;;;;;;;;;;;;;;;;;;;;;rest;100 xenon;
625;Matrix 9 V;XEN;;;;;;;;;;;;;;;;;;;;;;rest;100 xenon;
626;Matrix 9 VI;XEN;;;;;;;;;;;;;;;;;;;;;;rest;100 xenon;
627;Matrix 9 VII;XEN;;;;;;;;;;;;;;;;;;;;;;rest;100 xenon;
628;Matrix 451 I;XEN;;;;;;;;;;;;;;;;;;;;;;rest;100 xenon;
629;Matrix 451 II;XEN;;;;;;;;;;;;;;;;;;;;;;rest;100 xenon;
630;Matrix 451 III;XEN;;;;;;;;;;;;;;;;;;;;;;rest;100 xenon;
631;Matrix 451 IV;XEN;;;;;;;;;;;;;;;;;;;;;;rest;100 xenon;
632;Matrix 451 V;XEN;;;;;;;;;;;;;;;;;;;;;;rest;100 xenon;
633;Matrix 451 VI;XEN;;;;;;;;;;;;;;;;;;;;;;rest;100 xenon;
634;Matrix 451 VII;XEN;;;;;;;;;;;;;;;;;;;;;;rest;100 xenon;
635;Matrix 451 VIII;EKK;;;;;;;;;;;;;;;;;;;;10;100 split;rest;100 khaak;
636;Family Tkr I;FRF;;;;;;;;;;;;;;;;;;;;;;rest;100 split;
637;Family Tkr II;FRF;;;;;;;;;;;;;;;;;;;;;;rest;100 split;
638;Family Tkr III;FRF;;;;;;;;;;;;;;;;;;;;;;rest;100 split;
639;Family Tkr IV;FRF;;;;;;;;;;;;;;;;;;;;;;rest;100 split;
640;Family Tkr V;FRF;;;;;;;;;;;;;;;;;;;;;;rest;100 split;
641;Family Tkr VI;FRF;;;;;;;;;;;;;;;;;;;;;;rest;100 split;
642;Family Tkr VII;FRF;;;;;;;;;;;;;;;;;;;;;;rest;100 split;
643;Family Tkr VIII;FRF;;;;;;;;;;;;;;;;;;;;;;rest;100 split;
644;Family Tkr IX;FRF;;;;;;;;;;;;;;;;;;;;;;rest;100 split;
645;Fires of Defeat I;FRF;;;;;;;;;;;;;;;;;;;;;;rest;100 split;
646;Fires of Defeat II;FRF;;;;;;;;;;;;;;;;;;;;;;rest;100 split;
647;Fires of Defeat III;FRF;;;;;;;;;;;;;;;;;;;;;;rest;100 split;
648;Fires of Defeat IV;FRF;;;;;;;;;;;;;;;;;;;;;;rest;100 split;
649;Fires of Defeat V;FRF;;;;;;;;;;;;;;;;;;;;;;rest;100 split;
650;Fires of Defeat VI;FRF;;;;;;;;;;;;;;;;;;;;;;rest;100 split;
651;Fires of Defeat VII;FRF;;;;;;;;;;;;;;;;;;;;;;rest;100 split;
652;Rolk's Demise VII;BOR;1750;;;;;;;;;;;;;;;;;;;;;rest;100 boron;
653;Family Nhuut VII;ZYA;13350;;;;;;;;;;;;;;;;;;;;;rest;100 split;
